{
"data":
[
{
 "v0":
  {
   "v":  [ -3.00000 , 0.010000 , 3.00000 ],
   "n":  [ 0.00000, 1.00000 , 0.000000 ],
   "t":  [ 0.000000 , 0.000000 ]
  },
 "v1":
  {
   "v":  [ 3.00000 , 0.010000 , -3.00000  ],
   "n":  [ 0.00000, 1.00000 , 0.000000 ],
   "t":  [ 0.000000 , 0.000000 ]
  },
 "v2":
  {
   "v":  [ 3.00000 , 0.010000 , 3.00000  ],
   "n":  [ 0.00000, 1.00000 , 0.000000 ],
   "t":  [ 0.000000 , 0.000000 ]
  }
},
{
 "v0":
  {
   "v":  [ -3.00000 , 0.010000 , 3.00000 ],
   "n":  [ 0.00000, 1.00000 , 0.000000 ],
   "t":  [ 0.000000 , 0.000000 ]
  },
 "v1":
  {
   "v":  [ -3.00000 , 0.010000 , -3.00000 ],
   "n":  [ 0.00000, 1.00000 , 0.000000 ],
   "t":  [ 0.000000 , 0.000000 ]
  },
 "v2":
  {
   "v":  [ 3.00000 , 0.010000 , -3.00000 ],
   "n":  [ 0.00000, 1.00000 , 0.000000 ],
   "t":  [ 0.000000 , 0.000000 ]
  }
}
]
}